-- Adminer 4.8.1 PostgreSQL 14.1 dump

DROP TABLE IF EXISTS "answer";
DROP SEQUENCE IF EXISTS answer_answer_id_seq;
CREATE SEQUENCE answer_answer_id_seq INCREMENT 1 MINVALUE 1 MAXVALUE 9223372036854775807 CACHE 1;

CREATE TABLE "ddorcak"."answer" (
    "answer_id" bigint DEFAULT nextval('answer_answer_id_seq') NOT NULL,
    "question_id" bigint NOT NULL,
    "show_value" character varying(100) NOT NULL,
    "numeric_value" bigint NOT NULL,
    CONSTRAINT "idx_16387_primary" PRIMARY KEY ("answer_id")
) WITH (oids = false);

CREATE INDEX "idx_16387_answer_fk" ON "ddorcak"."answer" USING btree ("question_id");

INSERT INTO "answer" ("answer_id", "question_id", "show_value", "numeric_value") VALUES
(1,	1,	'nie',	0),
(2,	2,	'nie',	0),
(3,	3,	'nie',	0),
(4,	4,	'nie',	0),
(5,	5,	'nie',	0),
(6,	6,	'nie',	0),
(7,	7,	'nie',	0),
(8,	8,	'nie',	0),
(9,	9,	'nie',	0),
(10,	10,	'nie',	0),
(11,	11,	'nie',	0),
(12,	12,	'nie',	0),
(13,	13,	'nie',	0),
(14,	14,	'nie',	0),
(15,	15,	'nie',	0),
(16,	16,	'nie',	0),
(17,	17,	'nie',	0),
(18,	18,	'nie',	0),
(19,	19,	'nie',	0),
(20,	20,	'nie',	0),
(21,	21,	'nie',	0),
(32,	1,	'áno',	1),
(33,	2,	'áno',	1),
(34,	3,	'áno',	1),
(35,	4,	'áno',	1),
(36,	5,	'áno',	1),
(37,	6,	'áno',	1),
(38,	7,	'áno',	1),
(39,	8,	'áno',	1),
(40,	9,	'áno',	1),
(41,	10,	'áno',	1),
(42,	11,	'áno',	1),
(43,	12,	'áno',	1),
(44,	13,	'áno',	1),
(45,	14,	'áno',	1),
(46,	15,	'áno',	1),
(47,	16,	'áno',	1),
(48,	17,	'áno',	1),
(49,	18,	'áno',	1),
(50,	19,	'áno',	1),
(51,	20,	'áno',	1),
(52,	21,	'áno',	1);

DROP TABLE IF EXISTS "experiment_entry";
DROP SEQUENCE IF EXISTS experiment_entry_id_seq;
CREATE SEQUENCE experiment_entry_id_seq INCREMENT 1 MINVALUE 1 MAXVALUE 9223372036854775807 CACHE 1;

CREATE TABLE "ddorcak"."experiment_entry" (
    "id" bigint DEFAULT nextval('experiment_entry_id_seq') NOT NULL,
    "age" bigint NOT NULL,
    "sex" character(1) NOT NULL,
    "highest_education" bigint NOT NULL,
    "assigned_font" bigint NOT NULL,
    "result_font" bigint NOT NULL,
    "time_in_milis" bigint NOT NULL,
    "question_count" bigint NOT NULL,
    "entry_time" timestamp DEFAULT now() NOT NULL,
    CONSTRAINT "idx_experiment_entry_primary" PRIMARY KEY ("id")
) WITH (oids = false);


DROP TABLE IF EXISTS "font";
DROP SEQUENCE IF EXISTS font_font_id_seq;
CREATE SEQUENCE font_font_id_seq INCREMENT 1 MINVALUE 1 MAXVALUE 9223372036854775807 CACHE 1;

CREATE TABLE "ddorcak"."font" (
    "font_id" bigint DEFAULT nextval('font_font_id_seq') NOT NULL,
    "name" character varying(100) NOT NULL,
    CONSTRAINT "idx_16392_primary" PRIMARY KEY ("font_id")
) WITH (oids = false);

INSERT INTO "font" ("font_id", "name") VALUES
(7,	'DaunPenh'),
(9,	'OCR A Extended'),
(10,	'Times New Roman'),
(11,	'Rockwell'),
(12,	'Elephant'),
(13,	'Cooper Black'),
(14,	'Forte'),
(15,	'Palace Script MT'),
(16,	'Arial'),
(17,	'Georgia Pro Semibold'),
(18,	'Verdana'),
(19,	'Liberation Serif'),
(20,	'DejaVu Sans Mono'),
(21,	'Akaash'),
(22,	'Noto Mono'),
(23,	'Hack'),
(24,	'Source Code Pro'),
(25,	'OCRB'),
(26,	'Felix Titling'),
(27,	'Felix Titling'),
(28,	'Bahnschrift SemiBold Condensed'),
(29,	'Castellar'),
(30,	'Dubai'),
(31,	'Bodoni MT Black'),
(32,	'Impact'),
(33,	'Algerian'),
(34,	'Eras Bold ITC'),
(35,	'Haettenschweiler'),
(36,	'Wide Latin'),
(37,	'Walbaum Display Heavy'),
(38,	'Gadugi'),
(39,	'Posterama'),
(40,	'Corbel Light'),
(41,	'Ebrima'),
(42,	'Vijaya'),
(43,	'HGPGothicE'),
(44,	'David'),
(45,	'DengXian'),
(46,	'Consolas'),
(47,	'Aparajita'),
(48,	'Lucida Sans Unicode'),
(49,	'Harrington'),
(50,	'Ink Free'),
(51,	'Miriam'),
(52,	'Narkisim'),
(53,	'Niagara Solid'),
(54,	'Dotum'),
(55,	'Ebrima'),
(56,	'Euphemia'),
(57,	'Yu Gothic UI Semibold'),
(58,	'Gisha');

DROP TABLE IF EXISTS "font_answer";
DROP SEQUENCE IF EXISTS font_answer_font_answer_id_seq;
CREATE SEQUENCE font_answer_font_answer_id_seq INCREMENT 1 MINVALUE 1 MAXVALUE 9223372036854775807 CACHE 1;

CREATE TABLE "ddorcak"."font_answer" (
    "font_answer_id" bigint DEFAULT nextval('font_answer_font_answer_id_seq') NOT NULL,
    "font_id" bigint NOT NULL,
    "answer_id" bigint NOT NULL,
    CONSTRAINT "idx_16397_font_answer_un" UNIQUE ("font_id", "answer_id"),
    CONSTRAINT "idx_16397_primary" PRIMARY KEY ("font_answer_id")
) WITH (oids = false);

CREATE INDEX "idx_16397_font_answer_fk" ON "ddorcak"."font_answer" USING btree ("font_id");

CREATE INDEX "idx_16397_font_answer_fk_1" ON "ddorcak"."font_answer" USING btree ("answer_id");

INSERT INTO "font_answer" ("font_answer_id", "font_id", "answer_id") VALUES
(37,	7,	32),
(38,	7,	33),
(39,	7,	3),
(40,	7,	4),
(41,	7,	5),
(42,	7,	6),
(43,	7,	38),
(44,	7,	8),
(45,	7,	40),
(46,	7,	10),
(47,	7,	42),
(48,	7,	43),
(49,	7,	44),
(50,	7,	14),
(51,	7,	46),
(52,	7,	16),
(53,	7,	17),
(54,	7,	18),
(55,	7,	50),
(56,	7,	20),
(57,	7,	21),
(58,	9,	1),
(59,	9,	2),
(60,	9,	3),
(61,	9,	35),
(62,	9,	5),
(63,	9,	6),
(64,	9,	38),
(65,	9,	8),
(66,	9,	9),
(67,	9,	41),
(68,	9,	11),
(69,	9,	43),
(70,	9,	44),
(71,	9,	14),
(72,	9,	46),
(73,	9,	16),
(74,	9,	17),
(75,	9,	49),
(76,	9,	50),
(77,	9,	20),
(78,	9,	21),
(79,	10,	32),
(80,	10,	2),
(81,	10,	3),
(82,	10,	4),
(83,	10,	5),
(84,	10,	6),
(85,	10,	38),
(86,	10,	8),
(87,	10,	40),
(88,	10,	10),
(89,	10,	42),
(90,	10,	43),
(91,	10,	44),
(92,	10,	14),
(93,	10,	46),
(94,	10,	16),
(95,	10,	17),
(96,	10,	18),
(97,	10,	50),
(98,	10,	51),
(99,	10,	21),
(100,	11,	32),
(101,	11,	33),
(102,	11,	3),
(103,	11,	4),
(104,	11,	5),
(105,	11,	6),
(106,	11,	38),
(107,	11,	8),
(108,	11,	9),
(109,	11,	41),
(110,	11,	42),
(111,	11,	12),
(112,	11,	13),
(113,	11,	14),
(114,	11,	46),
(115,	11,	16),
(116,	11,	17),
(117,	11,	18),
(118,	11,	50),
(119,	11,	20),
(120,	11,	21),
(121,	12,	32),
(122,	12,	2),
(123,	12,	3),
(124,	12,	4),
(125,	12,	5),
(126,	12,	6),
(127,	12,	38),
(128,	12,	8),
(129,	12,	40),
(130,	12,	41),
(131,	12,	42),
(132,	12,	43),
(133,	12,	13),
(134,	12,	45),
(135,	12,	46),
(136,	12,	16),
(137,	12,	17),
(138,	12,	49),
(139,	12,	50),
(140,	12,	51),
(141,	12,	21),
(142,	13,	32),
(143,	13,	2),
(144,	13,	3),
(145,	13,	4),
(146,	13,	5),
(147,	13,	6),
(148,	13,	38),
(149,	13,	8),
(150,	13,	40),
(151,	13,	41),
(152,	13,	42),
(153,	13,	43),
(154,	13,	13),
(155,	13,	45),
(156,	13,	46),
(157,	13,	16),
(158,	13,	17),
(159,	13,	18),
(161,	13,	51),
(162,	13,	21),
(169,	14,	7),
(171,	14,	9),
(172,	14,	10),
(174,	14,	43),
(180,	14,	49),
(181,	14,	19),
(183,	14,	21),
(185,	15,	33),
(186,	15,	34),
(188,	15,	36),
(191,	15,	39),
(194,	15,	42),
(195,	15,	43),
(196,	15,	44),
(197,	15,	45),
(199,	15,	47),
(204,	15,	21),
(206,	16,	2),
(209,	16,	5),
(211,	16,	38),
(215,	16,	42),
(217,	16,	13),
(218,	16,	45),
(219,	16,	46),
(220,	16,	16),
(221,	16,	17),
(222,	16,	49),
(160,	13,	50),
(163,	14,	1),
(164,	14,	33),
(165,	14,	34),
(166,	14,	35),
(167,	14,	36),
(168,	14,	37),
(170,	14,	8),
(173,	14,	42),
(175,	14,	13),
(176,	14,	14),
(177,	14,	15),
(178,	14,	47),
(179,	14,	48),
(182,	14,	20),
(184,	15,	32),
(187,	15,	35),
(189,	15,	37),
(190,	15,	7),
(192,	15,	40),
(193,	15,	10),
(198,	15,	46),
(200,	15,	48),
(201,	15,	49),
(202,	15,	19),
(203,	15,	20),
(205,	16,	1),
(207,	16,	3),
(208,	16,	4),
(210,	16,	6),
(212,	16,	8),
(213,	16,	9),
(214,	16,	41),
(216,	16,	12),
(223,	16,	50),
(224,	16,	20),
(225,	16,	21),
(226,	17,	32),
(227,	17,	2),
(228,	17,	3),
(229,	17,	4),
(230,	17,	5),
(231,	17,	6),
(232,	17,	38),
(233,	17,	8),
(234,	17,	40),
(235,	17,	10),
(236,	17,	42),
(237,	17,	43),
(238,	17,	44),
(239,	17,	14),
(240,	17,	46),
(241,	17,	16),
(242,	17,	17),
(243,	17,	18),
(244,	17,	50),
(245,	17,	51),
(246,	17,	21),
(247,	18,	1),
(248,	18,	2),
(249,	18,	3),
(250,	18,	4),
(251,	18,	5),
(252,	18,	6),
(253,	18,	38),
(254,	18,	8),
(255,	18,	9),
(256,	18,	41),
(257,	18,	11),
(258,	18,	12),
(259,	18,	13),
(260,	18,	14),
(261,	18,	46),
(262,	18,	16),
(263,	18,	17),
(264,	18,	18),
(265,	18,	50),
(266,	18,	20),
(267,	18,	21),
(268,	19,	32),
(269,	19,	2),
(270,	19,	3),
(271,	19,	4),
(272,	19,	5),
(273,	19,	6),
(274,	19,	38),
(275,	19,	8),
(276,	19,	40),
(277,	19,	10),
(278,	19,	42),
(279,	19,	43),
(280,	19,	13),
(281,	19,	14),
(282,	19,	46),
(283,	19,	16),
(284,	19,	17),
(285,	19,	18),
(286,	19,	50),
(287,	19,	51),
(288,	19,	21),
(289,	20,	1),
(290,	20,	2),
(291,	20,	3),
(292,	20,	4),
(293,	20,	5),
(294,	20,	6),
(295,	20,	38),
(296,	20,	8),
(297,	20,	9),
(298,	20,	41),
(299,	20,	11),
(300,	20,	12),
(301,	20,	13),
(302,	20,	45),
(303,	20,	46),
(304,	20,	16),
(305,	20,	17),
(306,	20,	18),
(307,	20,	50),
(308,	20,	20),
(309,	20,	21),
(310,	21,	1),
(311,	21,	2),
(312,	21,	3),
(313,	21,	4),
(314,	21,	5),
(315,	21,	6),
(316,	21,	38),
(317,	21,	8),
(318,	21,	9),
(319,	21,	41),
(320,	21,	42),
(321,	21,	43),
(322,	21,	13),
(323,	21,	45),
(324,	21,	46),
(325,	21,	16),
(326,	21,	17),
(327,	21,	49),
(328,	21,	50),
(329,	21,	20),
(330,	21,	21),
(331,	22,	1),
(332,	22,	2),
(333,	22,	3),
(334,	22,	4),
(335,	22,	5),
(336,	22,	6),
(337,	22,	38),
(338,	22,	8),
(339,	22,	40),
(340,	22,	41),
(341,	22,	42),
(342,	22,	43),
(343,	22,	13),
(344,	22,	14),
(345,	22,	46),
(346,	22,	16),
(347,	22,	17),
(349,	22,	50),
(352,	23,	1),
(353,	23,	2),
(354,	23,	3),
(357,	23,	6),
(358,	23,	38),
(361,	23,	41),
(362,	23,	11),
(363,	23,	43),
(364,	23,	13),
(365,	23,	45),
(366,	23,	46),
(368,	23,	17),
(370,	23,	50),
(372,	23,	21),
(373,	24,	1),
(374,	24,	2),
(375,	24,	3),
(380,	24,	8),
(382,	24,	41),
(383,	24,	11),
(386,	24,	14),
(387,	24,	46),
(389,	24,	17),
(391,	24,	50),
(392,	24,	20),
(348,	22,	18),
(350,	22,	20),
(351,	22,	21),
(355,	23,	4),
(356,	23,	5),
(359,	23,	8),
(360,	23,	9),
(367,	23,	16),
(369,	23,	18),
(371,	23,	20),
(376,	24,	4),
(377,	24,	5),
(378,	24,	6),
(379,	24,	38),
(381,	24,	40),
(384,	24,	43),
(385,	24,	13),
(388,	24,	16),
(390,	24,	18),
(393,	24,	21),
(394,	25,	1),
(395,	25,	2),
(396,	25,	3),
(397,	25,	35),
(398,	25,	5),
(399,	25,	6),
(400,	25,	38),
(401,	25,	8),
(402,	25,	9),
(403,	25,	41),
(404,	25,	11),
(405,	25,	12),
(406,	25,	44),
(407,	25,	14),
(408,	25,	46),
(409,	25,	16),
(410,	25,	17),
(411,	25,	49),
(412,	25,	50),
(413,	25,	20),
(414,	25,	21),
(415,	26,	32),
(416,	26,	33),
(417,	26,	34),
(418,	26,	4),
(419,	26,	5),
(420,	26,	6),
(421,	26,	38),
(422,	26,	8),
(423,	26,	9),
(424,	26,	10),
(425,	26,	42),
(426,	26,	43),
(427,	26,	44),
(428,	26,	14),
(429,	26,	15),
(430,	26,	47),
(431,	26,	17),
(432,	26,	18),
(433,	26,	19),
(434,	26,	51),
(435,	26,	21),
(436,	27,	32),
(437,	27,	33),
(438,	27,	34),
(439,	27,	4),
(440,	27,	5),
(441,	27,	6),
(442,	27,	38),
(443,	27,	8),
(444,	27,	9),
(445,	27,	10),
(446,	27,	42),
(447,	27,	43),
(448,	27,	44),
(449,	27,	14),
(450,	27,	15),
(451,	27,	47),
(452,	27,	17),
(453,	27,	18),
(454,	27,	19),
(455,	27,	51),
(456,	27,	21),
(457,	28,	1),
(458,	28,	2),
(459,	28,	3),
(460,	28,	35),
(461,	28,	5),
(462,	28,	6),
(463,	28,	38),
(464,	28,	8),
(465,	28,	9),
(466,	28,	41),
(467,	28,	11),
(468,	28,	12),
(469,	28,	13),
(470,	28,	14),
(471,	28,	46),
(472,	28,	16),
(473,	28,	17),
(474,	28,	49),
(475,	28,	50),
(476,	28,	20),
(477,	28,	21),
(478,	29,	32),
(479,	29,	2),
(480,	29,	3),
(481,	29,	4),
(482,	29,	5),
(483,	29,	6),
(484,	29,	38),
(485,	29,	8),
(486,	29,	9),
(487,	29,	10),
(488,	29,	42),
(489,	29,	43),
(490,	29,	13),
(491,	29,	14),
(492,	29,	15),
(493,	29,	16),
(494,	29,	17),
(495,	29,	49),
(496,	29,	19),
(497,	29,	51),
(498,	29,	21),
(499,	30,	1),
(500,	30,	2),
(501,	30,	3),
(502,	30,	35),
(503,	30,	5),
(504,	30,	6),
(505,	30,	38),
(506,	30,	8),
(507,	30,	40),
(508,	30,	41),
(509,	30,	11),
(510,	30,	43),
(511,	30,	44),
(512,	30,	14),
(513,	30,	46),
(514,	30,	16),
(515,	30,	17),
(516,	30,	18),
(517,	30,	50),
(518,	30,	20),
(519,	30,	21),
(520,	31,	32),
(521,	31,	33),
(522,	31,	3),
(523,	31,	4),
(524,	31,	5),
(525,	31,	6),
(526,	31,	38),
(527,	31,	8),
(528,	31,	40),
(529,	31,	10),
(530,	31,	42),
(531,	31,	43),
(532,	31,	13),
(533,	31,	45),
(534,	31,	46),
(535,	31,	16),
(537,	31,	18),
(543,	32,	3),
(547,	32,	38),
(548,	32,	8),
(549,	32,	9),
(552,	32,	12),
(557,	32,	17),
(558,	32,	18),
(562,	33,	32),
(565,	33,	35),
(566,	33,	5),
(567,	33,	6),
(568,	33,	38),
(570,	33,	9),
(571,	33,	41),
(572,	33,	42),
(573,	33,	43),
(574,	33,	13),
(579,	33,	49),
(582,	33,	21),
(585,	34,	3),
(586,	34,	4),
(536,	31,	48),
(538,	31,	50),
(539,	31,	51),
(540,	31,	52),
(541,	32,	1),
(542,	32,	2),
(544,	32,	4),
(545,	32,	5),
(546,	32,	6),
(550,	32,	41),
(551,	32,	42),
(553,	32,	44),
(554,	32,	45),
(555,	32,	46),
(556,	32,	16),
(559,	32,	50),
(560,	32,	20),
(561,	32,	21),
(563,	33,	2),
(564,	33,	3),
(569,	33,	8),
(575,	33,	14),
(576,	33,	15),
(577,	33,	16),
(578,	33,	17),
(580,	33,	50),
(581,	33,	51),
(583,	34,	1),
(584,	34,	2),
(587,	34,	5),
(588,	34,	6),
(589,	34,	38),
(590,	34,	8),
(591,	34,	9),
(592,	34,	41),
(593,	34,	42),
(594,	34,	12),
(595,	34,	44),
(596,	34,	14),
(597,	34,	46),
(598,	34,	16),
(599,	34,	17),
(600,	34,	18),
(601,	34,	19),
(602,	34,	20),
(603,	34,	21),
(604,	35,	1),
(605,	35,	2),
(606,	35,	3),
(607,	35,	4),
(608,	35,	5),
(609,	35,	6),
(610,	35,	38),
(611,	35,	8),
(612,	35,	9),
(613,	35,	41),
(614,	35,	42),
(615,	35,	12),
(616,	35,	44),
(617,	35,	45),
(618,	35,	46),
(619,	35,	16),
(620,	35,	17),
(621,	35,	18),
(622,	35,	50),
(623,	35,	20),
(624,	35,	21),
(625,	36,	32),
(626,	36,	2),
(627,	36,	3),
(628,	36,	4),
(629,	36,	5),
(630,	36,	6),
(631,	36,	38),
(632,	36,	8),
(633,	36,	40),
(634,	36,	10),
(635,	36,	42),
(636,	36,	43),
(637,	36,	13),
(638,	36,	45),
(639,	36,	46),
(640,	36,	16),
(641,	36,	17),
(642,	36,	49),
(643,	36,	50),
(644,	36,	51),
(645,	36,	21),
(646,	37,	32),
(647,	37,	2),
(648,	37,	3),
(649,	37,	4),
(650,	37,	5),
(651,	37,	6),
(652,	37,	38),
(653,	37,	8),
(654,	37,	40),
(655,	37,	10),
(656,	37,	42),
(657,	37,	43),
(658,	37,	13),
(659,	37,	45),
(660,	37,	46),
(661,	37,	16),
(662,	37,	17),
(663,	37,	18),
(664,	37,	50),
(665,	37,	51),
(666,	37,	21),
(667,	38,	1),
(668,	38,	2),
(669,	38,	3),
(670,	38,	4),
(671,	38,	5),
(672,	38,	6),
(673,	38,	38),
(674,	38,	8),
(675,	38,	9),
(676,	38,	41),
(677,	38,	42),
(678,	38,	43),
(679,	38,	44),
(680,	38,	14),
(681,	38,	46),
(682,	38,	16),
(683,	38,	17),
(684,	38,	18),
(685,	38,	50),
(686,	38,	20),
(687,	38,	21),
(688,	39,	1),
(689,	39,	33),
(690,	39,	3),
(691,	39,	4),
(692,	39,	5),
(693,	39,	6),
(694,	39,	38),
(695,	39,	8),
(696,	39,	9),
(697,	39,	10),
(698,	39,	11),
(699,	39,	43),
(700,	39,	44),
(701,	39,	14),
(702,	39,	15),
(703,	39,	16),
(704,	39,	48),
(705,	39,	18),
(706,	39,	50),
(707,	39,	20),
(708,	39,	21),
(709,	40,	1),
(710,	40,	2),
(711,	40,	3),
(712,	40,	35),
(713,	40,	5),
(714,	40,	6),
(715,	40,	38),
(720,	40,	12),
(722,	40,	14),
(723,	40,	46),
(724,	40,	16),
(725,	40,	17),
(728,	40,	20),
(730,	41,	1),
(733,	41,	4),
(734,	41,	5),
(739,	41,	41),
(740,	41,	42),
(741,	41,	43),
(745,	41,	16),
(747,	41,	18),
(748,	41,	50),
(749,	41,	20),
(753,	42,	3),
(755,	42,	5),
(757,	42,	38),
(759,	42,	40),
(760,	42,	10),
(761,	42,	42),
(763,	42,	44),
(765,	42,	46),
(767,	42,	17),
(769,	42,	50),
(770,	42,	51),
(772,	43,	32),
(773,	43,	2),
(776,	43,	5),
(777,	43,	6),
(778,	43,	7),
(779,	43,	39),
(780,	43,	9),
(784,	43,	13),
(785,	43,	45),
(788,	43,	48),
(792,	43,	21),
(797,	44,	5),
(799,	44,	38),
(805,	44,	44),
(806,	44,	14),
(807,	44,	46),
(809,	44,	17),
(810,	44,	18),
(811,	44,	50),
(812,	44,	51),
(813,	44,	21),
(814,	45,	1),
(815,	45,	2),
(816,	45,	3),
(818,	45,	5),
(819,	45,	6),
(821,	45,	8),
(822,	45,	9),
(825,	45,	12),
(826,	45,	13),
(828,	45,	46),
(830,	45,	17),
(832,	45,	50),
(716,	40,	8),
(717,	40,	9),
(718,	40,	41),
(719,	40,	42),
(721,	40,	44),
(726,	40,	18),
(727,	40,	50),
(729,	40,	21),
(731,	41,	2),
(732,	41,	3),
(735,	41,	6),
(736,	41,	38),
(737,	41,	8),
(738,	41,	9),
(742,	41,	44),
(743,	41,	45),
(744,	41,	46),
(746,	41,	17),
(750,	41,	21),
(751,	42,	32),
(752,	42,	2),
(754,	42,	4),
(756,	42,	37),
(758,	42,	8),
(762,	42,	43),
(764,	42,	14),
(766,	42,	16),
(768,	42,	18),
(771,	42,	21),
(774,	43,	34),
(775,	43,	4),
(781,	43,	41),
(782,	43,	42),
(783,	43,	12),
(786,	43,	46),
(787,	43,	16),
(789,	43,	49),
(790,	43,	19),
(791,	43,	20),
(793,	44,	32),
(794,	44,	2),
(795,	44,	3),
(796,	44,	4),
(798,	44,	6),
(800,	44,	8),
(801,	44,	40),
(802,	44,	10),
(803,	44,	42),
(804,	44,	43),
(808,	44,	16),
(817,	45,	4),
(820,	45,	38),
(823,	45,	41),
(824,	45,	42),
(827,	45,	14),
(829,	45,	16),
(831,	45,	18),
(833,	45,	20),
(834,	45,	21),
(835,	46,	1),
(836,	46,	2),
(837,	46,	3),
(838,	46,	4),
(839,	46,	5),
(840,	46,	6),
(841,	46,	38),
(842,	46,	8),
(843,	46,	40),
(844,	46,	41),
(845,	46,	11),
(846,	46,	43),
(847,	46,	44),
(848,	46,	45),
(849,	46,	46),
(850,	46,	16),
(851,	46,	17),
(852,	46,	18),
(853,	46,	50),
(854,	46,	20),
(855,	46,	21),
(856,	47,	32),
(857,	47,	2),
(858,	47,	3),
(859,	47,	4),
(860,	47,	5),
(861,	47,	6),
(862,	47,	38),
(863,	47,	8),
(864,	47,	40),
(865,	47,	10),
(866,	47,	42),
(867,	47,	43),
(868,	47,	44),
(869,	47,	14),
(870,	47,	46),
(871,	47,	16),
(872,	47,	17),
(873,	47,	18),
(874,	47,	50),
(875,	47,	51),
(876,	47,	21),
(877,	55,	1),
(878,	55,	2),
(879,	55,	3),
(880,	55,	4),
(881,	55,	5),
(882,	55,	6),
(883,	55,	38),
(884,	55,	8),
(885,	55,	9),
(886,	55,	41),
(887,	55,	42),
(888,	55,	43),
(889,	55,	44),
(890,	55,	45),
(891,	55,	46),
(892,	55,	16),
(893,	55,	17),
(894,	55,	18),
(895,	55,	50),
(896,	55,	20),
(897,	55,	21),
(898,	48,	1),
(899,	48,	33),
(900,	48,	3),
(901,	48,	4),
(902,	48,	5),
(903,	48,	6),
(904,	48,	38),
(905,	48,	8),
(906,	48,	9),
(907,	48,	10),
(908,	48,	42),
(909,	48,	12),
(910,	48,	44),
(911,	48,	14),
(912,	48,	46),
(913,	48,	16),
(914,	48,	17),
(915,	48,	18),
(916,	48,	50),
(917,	48,	20),
(918,	48,	21),
(919,	49,	32),
(920,	49,	33),
(921,	49,	34),
(922,	49,	4),
(923,	49,	5),
(924,	49,	6),
(925,	49,	7),
(926,	49,	39),
(927,	49,	40),
(928,	49,	41),
(929,	49,	11),
(930,	49,	43),
(931,	49,	13),
(932,	49,	45),
(933,	49,	46),
(935,	49,	48),
(936,	49,	49),
(937,	49,	19),
(941,	50,	2),
(942,	50,	34),
(943,	50,	4),
(944,	50,	36),
(945,	50,	6),
(949,	50,	41),
(951,	50,	43),
(952,	50,	44),
(954,	50,	46),
(956,	50,	17),
(957,	50,	49),
(960,	50,	21),
(961,	51,	1),
(963,	51,	3),
(964,	51,	4),
(965,	51,	5),
(967,	51,	38),
(969,	51,	9),
(934,	49,	47),
(938,	49,	20),
(939,	49,	52),
(940,	50,	1),
(946,	50,	7),
(947,	50,	39),
(948,	50,	9),
(950,	50,	11),
(953,	50,	14),
(955,	50,	16),
(958,	50,	50),
(959,	50,	20),
(962,	51,	2),
(966,	51,	6),
(968,	51,	8),
(970,	51,	41),
(971,	51,	42),
(972,	51,	43),
(973,	51,	13),
(974,	51,	45),
(975,	51,	46),
(976,	51,	16),
(977,	51,	17),
(978,	51,	49),
(979,	51,	50),
(980,	51,	20),
(981,	51,	21),
(982,	52,	1),
(983,	52,	33),
(984,	52,	34),
(985,	52,	4),
(986,	52,	5),
(987,	52,	6),
(988,	52,	38),
(989,	52,	8),
(990,	52,	40),
(991,	52,	10),
(992,	52,	11),
(993,	52,	12),
(994,	52,	44),
(995,	52,	14),
(996,	52,	46),
(997,	52,	16),
(998,	52,	17),
(999,	52,	18),
(1000,	52,	50),
(1001,	52,	20),
(1002,	52,	21),
(1024,	54,	1),
(1025,	54,	2),
(1026,	54,	3),
(1027,	54,	4),
(1028,	54,	5),
(1029,	54,	6),
(1030,	54,	38),
(1031,	54,	8),
(1032,	54,	9),
(1033,	54,	41),
(1034,	54,	42),
(1035,	54,	12),
(1036,	54,	13),
(1037,	54,	45),
(1038,	54,	46),
(1039,	54,	16),
(1040,	54,	17),
(1041,	54,	49),
(1042,	54,	50),
(1043,	54,	20),
(1044,	54,	21),
(1045,	56,	1),
(1046,	56,	2),
(1047,	56,	3),
(1048,	56,	4),
(1049,	56,	5),
(1050,	56,	6),
(1051,	56,	38),
(1052,	56,	8),
(1053,	56,	40),
(1054,	56,	41),
(1055,	56,	42),
(1056,	56,	43),
(1057,	56,	44),
(1058,	56,	14),
(1059,	56,	46),
(1060,	56,	16),
(1061,	56,	17),
(1062,	56,	18),
(1063,	56,	50),
(1064,	56,	20),
(1065,	56,	21),
(1066,	57,	1),
(1067,	57,	2),
(1068,	57,	3),
(1069,	57,	4),
(1070,	57,	5),
(1071,	57,	6),
(1072,	57,	38),
(1073,	57,	8),
(1074,	57,	9),
(1075,	57,	41),
(1076,	57,	42),
(1077,	57,	43),
(1078,	57,	44),
(1079,	57,	45),
(1080,	57,	46),
(1081,	57,	16),
(1082,	57,	17),
(1083,	57,	18),
(1084,	57,	50),
(1085,	57,	20),
(1086,	57,	21),
(1087,	58,	1),
(1088,	58,	2),
(1089,	58,	3),
(1090,	58,	4),
(1091,	58,	5),
(1092,	58,	6),
(1093,	58,	38),
(1094,	58,	8),
(1095,	58,	9),
(1096,	58,	41),
(1097,	58,	11),
(1098,	58,	43),
(1099,	58,	44),
(1100,	58,	45),
(1101,	58,	46),
(1102,	58,	16),
(1103,	58,	17),
(1104,	58,	18),
(1105,	58,	50),
(1106,	58,	20),
(1107,	58,	21),
(1108,	53,	32),
(1109,	53,	2),
(1110,	53,	3),
(1111,	53,	4),
(1112,	53,	5),
(1115,	53,	39),
(1117,	53,	41),
(1119,	53,	12),
(1122,	53,	46),
(1124,	53,	17),
(1125,	53,	49),
(1127,	53,	20),
(1113,	53,	6),
(1114,	53,	38),
(1116,	53,	9),
(1118,	53,	42),
(1120,	53,	44),
(1121,	53,	45),
(1123,	53,	16),
(1126,	53,	50),
(1128,	53,	21);

DROP TABLE IF EXISTS "node";
DROP SEQUENCE IF EXISTS node_node_id_seq;
CREATE SEQUENCE node_node_id_seq INCREMENT 1 MINVALUE 1 MAXVALUE 9223372036854775807 CACHE 1;

CREATE TABLE "ddorcak"."node" (
    "node_id" bigint DEFAULT nextval('node_node_id_seq') NOT NULL,
    "left_child_id" bigint,
    "right_child_id" bigint,
    "question_id" bigint,
    "font_id" bigint,
    CONSTRAINT "idx_16402_primary" PRIMARY KEY ("node_id")
) WITH (oids = false);

CREATE INDEX "idx_16402_font_id" ON "ddorcak"."node" USING btree ("font_id");

CREATE INDEX "idx_16402_question_id" ON "ddorcak"."node" USING btree ("question_id");

INSERT INTO "node" ("node_id", "left_child_id", "right_child_id", "question_id", "font_id") VALUES
(334,	335,	412,	6,	7),
(335,	336,	403,	3,	7),
(336,	337,	376,	14,	7),
(337,	338,	367,	18,	7),
(338,	339,	348,	10,	7),
(339,	340,	345,	20,	7),
(340,	341,	344,	1,	7),
(341,	342,	343,	11,	39),
(342,	333,	333,	0,	39),
(343,	333,	333,	0,	55),
(344,	333,	333,	0,	7),
(345,	346,	347,	13,	10),
(346,	333,	333,	0,	19),
(347,	333,	333,	0,	10),
(348,	349,	366,	2,	11),
(349,	350,	357,	12,	18),
(350,	351,	356,	4,	18),
(351,	352,	353,	11,	18),
(352,	333,	333,	0,	18),
(353,	354,	355,	13,	34),
(354,	333,	333,	0,	45),
(355,	333,	333,	0,	34),
(356,	333,	333,	0,	40),
(357,	358,	365,	4,	22),
(358,	359,	360,	9,	22),
(359,	333,	333,	0,	38),
(360,	361,	362,	11,	22),
(361,	333,	333,	0,	24),
(362,	363,	364,	13,	22),
(363,	333,	333,	0,	22),
(364,	333,	333,	0,	57),
(365,	333,	333,	0,	30),
(366,	333,	333,	0,	11),
(367,	368,	369,	10,	9),
(368,	333,	333,	0,	29),
(369,	370,	371,	15,	9),
(370,	333,	333,	0,	33),
(371,	372,	373,	13,	9),
(372,	333,	333,	0,	28),
(373,	374,	375,	12,	9),
(374,	333,	333,	0,	25),
(375,	333,	333,	0,	9),
(376,	377,	384,	11,	12),
(377,	378,	381,	13,	20),
(378,	379,	380,	12,	20),
(379,	333,	333,	0,	20),
(380,	333,	333,	0,	23),
(381,	382,	383,	9,	46),
(382,	333,	333,	0,	53),
(383,	333,	333,	0,	46),
(384,	385,	390,	10,	12),
(385,	386,	389,	2,	31),
(386,	387,	388,	18,	36),
(387,	333,	333,	0,	37),
(388,	333,	333,	0,	36),
(389,	333,	333,	0,	31),
(390,	391,	396,	18,	12),
(391,	392,	395,	1,	13),
(392,	393,	394,	12,	32),
(393,	333,	333,	0,	32),
(394,	333,	333,	0,	41),
(395,	333,	333,	0,	13),
(396,	397,	400,	12,	12),
(397,	398,	399,	8,	16),
(398,	333,	333,	0,	16),
(399,	333,	333,	0,	52),
(400,	401,	402,	9,	12),
(401,	333,	333,	0,	21),
(402,	333,	333,	0,	12),
(403,	404,	407,	8,	26),
(404,	405,	406,	9,	26),
(405,	333,	333,	0,	26),
(406,	333,	333,	0,	51),
(407,	408,	411,	13,	43),
(408,	409,	410,	2,	43),
(409,	333,	333,	0,	43),
(410,	333,	333,	0,	48),
(411,	333,	333,	0,	49),
(412,	413,	414,	18,	14),
(413,	333,	333,	0,	42),
(414,	415,	416,	9,	14),
(415,	333,	333,	0,	14),
(416,	333,	333,	0,	15);

DROP TABLE IF EXISTS "question";
DROP SEQUENCE IF EXISTS question_question_id_seq;
CREATE SEQUENCE question_question_id_seq INCREMENT 1 MINVALUE 1 MAXVALUE 9223372036854775807 CACHE 1;

CREATE TABLE "ddorcak"."question" (
    "question_id" bigint DEFAULT nextval('question_question_id_seq') NOT NULL,
    "text" text,
    CONSTRAINT "idx_16407_primary" PRIMARY KEY ("question_id")
) WITH (oids = false);

INSERT INTO "question" ("question_id", "text") VALUES
(1,	'Je font pätkový?'),
(2,	'Končí sa veľké pímeno J pod riadkom?'),
(3,	'Má veľké U vpravo dole pätku?'),
(4,	'Je číslo 4 otvorené?'),
(5,	'Vyzerá malé a ako písané malé a?'),
(6,	'Majú písmená sklon?'),
(7,	'Má veľké písmeno Y zvislú nôžku?'),
(8,	'Je malé písmeno y v tvare u?'),
(9,	'Má malé písmeno g slučku?'),
(10,	'Je spodná časť veľkého G zahnutá do vnútra?'),
(11,	'Je stred písmena M na základnej čiare?'),
(12,	'Je bodka pod otáznikom okrúhla?'),
(13,	'Má veľké písmeno K šikmé hrany spojené na vertikálnej hrane?'),
(14,	'Je pravá nôžka veľkého písmena R zahnutá?'),
(15,	'Vyčnieva horizontálna hrana malého písmena f z oboch strán?'),
(16,	'Zbehávajú sa bočné hrany veľkého písmena M?'),
(17,	'Má znak $ dve zvislé čiary?'),
(18,	'Vyčnieva pätka vo veľkom písmene Q z oboch strán?'),
(19,	'Je vo veľkom písmene P bruško dole spojené z vertikálnou hranou?'),
(20,	'Má veľké písmeno E pätku na prostrednej horizontálnej čiare?'),
(21,	'Sú hrany veľkého písmena W v prostriedku prekrížené?');

ALTER TABLE ONLY "ddorcak"."answer" ADD CONSTRAINT "answer_fk" FOREIGN KEY (question_id) REFERENCES question(question_id) ON UPDATE RESTRICT ON DELETE CASCADE NOT DEFERRABLE;

ALTER TABLE ONLY "ddorcak"."font_answer" ADD CONSTRAINT "font_answer_fk" FOREIGN KEY (font_id) REFERENCES font(font_id) ON UPDATE RESTRICT ON DELETE CASCADE NOT DEFERRABLE;
ALTER TABLE ONLY "ddorcak"."font_answer" ADD CONSTRAINT "font_answer_fk_1" FOREIGN KEY (answer_id) REFERENCES answer(answer_id) ON UPDATE RESTRICT ON DELETE RESTRICT NOT DEFERRABLE;

-- 2022-06-13 19:44:42.825268+00