-- MariaDB dump 10.19  Distrib 10.5.9-MariaDB, for debian-linux-gnu (x86_64)
--
-- Host: localhost    Database: ddorcak
-- ------------------------------------------------------
-- Server version	10.5.9-MariaDB-1:10.5.9+maria~focal

/*!40101 SET @OLD_CHARACTER_SET_CLIENT=@@CHARACTER_SET_CLIENT */;
/*!40101 SET @OLD_CHARACTER_SET_RESULTS=@@CHARACTER_SET_RESULTS */;
/*!40101 SET @OLD_COLLATION_CONNECTION=@@COLLATION_CONNECTION */;
/*!40101 SET NAMES utf8mb4 */;
/*!40103 SET @OLD_TIME_ZONE=@@TIME_ZONE */;
/*!40103 SET TIME_ZONE='+00:00' */;
/*!40014 SET @OLD_UNIQUE_CHECKS=@@UNIQUE_CHECKS, UNIQUE_CHECKS=0 */;
/*!40014 SET @OLD_FOREIGN_KEY_CHECKS=@@FOREIGN_KEY_CHECKS, FOREIGN_KEY_CHECKS=0 */;
/*!40101 SET @OLD_SQL_MODE=@@SQL_MODE, SQL_MODE='NO_AUTO_VALUE_ON_ZERO' */;
/*!40111 SET @OLD_SQL_NOTES=@@SQL_NOTES, SQL_NOTES=0 */;

--
-- Table structure for table `answer`
--

DROP TABLE IF EXISTS `answer`;
/*!40101 SET @saved_cs_client     = @@character_set_client */;
/*!40101 SET character_set_client = utf8 */;
CREATE TABLE `answer` (
  `answer_id` int(11) NOT NULL AUTO_INCREMENT,
  `question_id` int(11) NOT NULL,
  `show_value` varchar(100) COLLATE utf8_slovak_ci NOT NULL,
  `numeric_value` int(11) NOT NULL,
  PRIMARY KEY (`answer_id`),
  KEY `answer_FK` (`question_id`),
  CONSTRAINT `answer_FK` FOREIGN KEY (`question_id`) REFERENCES `question` (`question_id`) ON DELETE CASCADE
) ENGINE=InnoDB AUTO_INCREMENT=63 DEFAULT CHARSET=utf8 COLLATE=utf8_slovak_ci;
/*!40101 SET character_set_client = @saved_cs_client */;

--
-- Dumping data for table `answer`
--

LOCK TABLES `answer` WRITE;
/*!40000 ALTER TABLE `answer` DISABLE KEYS */;
INSERT INTO `answer` VALUES (1,1,'nie',0),(2,2,'nie',0),(3,3,'nie',0),(4,4,'nie',0),(5,5,'nie',0),(6,6,'nie',0),(7,7,'nie',0),(8,8,'nie',0),(9,9,'nie',0),(10,10,'nie',0),(11,11,'nie',0),(12,12,'nie',0),(13,13,'nie',0),(14,14,'nie',0),(15,15,'nie',0),(16,16,'nie',0),(17,17,'nie',0),(18,18,'nie',0),(19,19,'nie',0),(20,20,'nie',0),(21,21,'nie',0),(32,1,'áno',1),(33,2,'áno',1),(34,3,'áno',1),(35,4,'áno',1),(36,5,'áno',1),(37,6,'áno',1),(38,7,'áno',1),(39,8,'áno',1),(40,9,'áno',1),(41,10,'áno',1),(42,11,'áno',1),(43,12,'áno',1),(44,13,'áno',1),(45,14,'áno',1),(46,15,'áno',1),(47,16,'áno',1),(48,17,'áno',1),(49,18,'áno',1),(50,19,'áno',1),(51,20,'áno',1),(52,21,'áno',1);
/*!40000 ALTER TABLE `answer` ENABLE KEYS */;
UNLOCK TABLES;

--
-- Table structure for table `font`
--

DROP TABLE IF EXISTS `font`;
/*!40101 SET @saved_cs_client     = @@character_set_client */;
/*!40101 SET character_set_client = utf8 */;
CREATE TABLE `font` (
  `font_id` int(11) NOT NULL AUTO_INCREMENT,
  `name` varchar(100) COLLATE utf8_slovak_ci NOT NULL,
  PRIMARY KEY (`font_id`)
) ENGINE=InnoDB AUTO_INCREMENT=59 DEFAULT CHARSET=utf8 COLLATE=utf8_slovak_ci;
/*!40101 SET character_set_client = @saved_cs_client */;

--
-- Dumping data for table `font`
--

LOCK TABLES `font` WRITE;
/*!40000 ALTER TABLE `font` DISABLE KEYS */;
INSERT INTO `font` VALUES (7,'DaunPenh'),(9,'OCR A Extended'),(10,'Times New Roman'),(11,'Rockwell'),(12,'Elephant'),(13,'Cooper Black'),(14,'Forte'),(15,'Palace Script MT'),(16,'Arial'),(17,'Georgia Pro Semibold'),(18,'Verdana'),(19,'Liberation Serif'),(20,'DejaVu Sans Mono'),(21,'Akaash'),(22,'Noto Mono'),(23,'Hack'),(24,'Source Code Pro'),(25,'OCRB'),(26,'Felix Titling'),(27,'Felix Titling'),(28,'Bahnschrift SemiBold Condensed'),(29,'Castellar'),(30,'Dubai'),(31,'Bodoni MT Black'),(32,'Impact'),(33,'Algerian'),(34,'Eras Bold ITC'),(35,'Haettenschweiler'),(36,'Wide Latin'),(37,'Walbaum Display Heavy'),(38,'Gadugi'),(39,'Posterama'),(40,'Corbel Light'),(41,'Ebrima'),(42,'Vijaya'),(43,'HGPGothicE'),(44,'David'),(45,'DengXian'),(46,'Consolas'),(47,'Aparajita'),(48,'Lucida Sans Unicode'),(49,'Harrington'),(50,'Ink Free'),(51,'Miriam'),(52,'Narkisim'),(53,'Niagara Solid'),(54,'Dotum'),(55,'Ebrima'),(56,'Euphemia'),(57,'Yu Gothic UI Semibold'),(58,'Gisha');
/*!40000 ALTER TABLE `font` ENABLE KEYS */;
UNLOCK TABLES;

--
-- Table structure for table `font_answer`
--

DROP TABLE IF EXISTS `font_answer`;
/*!40101 SET @saved_cs_client     = @@character_set_client */;
/*!40101 SET character_set_client = utf8 */;
CREATE TABLE `font_answer` (
  `font_answer_id` int(11) NOT NULL AUTO_INCREMENT,
  `font_id` int(11) NOT NULL,
  `answer_id` int(11) NOT NULL,
  PRIMARY KEY (`font_answer_id`),
  UNIQUE KEY `font_answer_UN` (`font_id`,`answer_id`),
  KEY `font_answer_FK` (`font_id`),
  KEY `font_answer_FK_1` (`answer_id`),
  CONSTRAINT `font_answer_FK` FOREIGN KEY (`font_id`) REFERENCES `font` (`font_id`) ON DELETE CASCADE,
  CONSTRAINT `font_answer_FK_1` FOREIGN KEY (`answer_id`) REFERENCES `answer` (`answer_id`)
) ENGINE=InnoDB AUTO_INCREMENT=1051 DEFAULT CHARSET=utf8 COLLATE=utf8_slovak_ci;
/*!40101 SET character_set_client = @saved_cs_client */;

--
-- Dumping data for table `font_answer`
--

LOCK TABLES `font_answer` WRITE;
/*!40000 ALTER TABLE `font_answer` DISABLE KEYS */;
INSERT INTO `font_answer` VALUES (948,7,3),(949,7,4),(950,7,5),(951,7,6),(953,7,8),(959,7,14),(961,7,16),(962,7,17),(963,7,18),(965,7,20),(966,7,21),(946,7,32),(947,7,33),(952,7,38),(954,7,40),(955,7,41),(956,7,42),(957,7,43),(958,7,44),(960,7,46),(964,7,50),(1,9,1),(2,9,2),(3,9,3),(5,9,5),(6,9,6),(7,9,7),(8,9,8),(9,9,9),(11,9,11),(13,9,13),(14,9,14),(17,9,17),(20,9,20),(21,9,21),(4,9,35),(10,9,41),(12,9,43),(15,9,46),(16,9,47),(18,9,49),(19,9,50),(653,10,2),(655,10,4),(656,10,5),(657,10,6),(658,10,7),(659,10,8),(665,10,14),(667,10,16),(668,10,17),(669,10,18),(672,10,21),(652,10,32),(654,10,34),(660,10,40),(661,10,41),(662,10,42),(663,10,43),(664,10,44),(666,10,46),(670,10,50),(671,10,51),(969,11,3),(970,11,4),(971,11,5),(972,11,6),(973,11,7),(974,11,8),(978,11,12),(980,11,14),(982,11,16),(983,11,17),(984,11,18),(986,11,20),(987,11,21),(967,11,32),(968,11,33),(975,11,40),(976,11,41),(977,11,42),(979,11,44),(981,11,46),(985,11,50),(674,12,2),(675,12,3),(676,12,4),(677,12,5),(678,12,6),(679,12,7),(680,12,8),(685,12,13),(688,12,16),(689,12,17),(693,12,21),(673,12,32),(681,12,40),(682,12,41),(683,12,42),(684,12,43),(686,12,45),(687,12,46),(690,12,49),(691,12,50),(692,12,51),(695,13,2),(696,13,3),(697,13,4),(698,13,5),(699,13,6),(700,13,7),(701,13,8),(709,13,16),(710,13,17),(711,13,18),(712,13,19),(714,13,21),(694,13,32),(702,13,40),(703,13,41),(704,13,42),(705,13,43),(706,13,44),(707,13,45),(708,13,46),(713,13,51),(22,14,1),(29,14,8),(31,14,10),(32,14,11),(34,14,13),(35,14,14),(36,14,15),(40,14,19),(41,14,20),(42,14,21),(23,14,33),(24,14,34),(25,14,35),(26,14,36),(27,14,37),(28,14,38),(30,14,40),(33,14,43),(37,14,47),(38,14,48),(39,14,49),(43,15,1),(49,15,7),(52,15,10),(57,15,15),(61,15,19),(62,15,20),(63,15,21),(44,15,33),(45,15,34),(46,15,35),(47,15,36),(48,15,37),(50,15,39),(51,15,40),(53,15,42),(54,15,43),(55,15,44),(56,15,45),(58,15,47),(59,15,48),(60,15,49),(64,16,1),(65,16,2),(66,16,3),(67,16,4),(68,16,5),(69,16,6),(70,16,7),(71,16,8),(75,16,12),(76,16,13),(79,16,16),(80,16,17),(83,16,20),(84,16,21),(72,16,40),(73,16,41),(74,16,42),(77,16,45),(78,16,46),(81,16,49),(82,16,50),(716,17,2),(717,17,3),(718,17,4),(719,17,5),(720,17,6),(721,17,7),(722,17,8),(728,17,14),(730,17,16),(731,17,17),(732,17,18),(735,17,21),(715,17,32),(723,17,40),(724,17,41),(725,17,42),(726,17,43),(727,17,44),(729,17,46),(733,17,50),(734,17,51),(85,18,1),(86,18,2),(87,18,3),(88,18,4),(89,18,5),(90,18,6),(91,18,7),(92,18,8),(95,18,11),(96,18,12),(97,18,13),(98,18,14),(100,18,16),(101,18,17),(102,18,18),(104,18,20),(105,18,21),(93,18,40),(94,18,41),(99,18,46),(103,18,50),(737,19,2),(738,19,3),(739,19,4),(740,19,5),(741,19,6),(743,19,8),(745,19,10),(748,19,13),(749,19,14),(751,19,16),(752,19,17),(753,19,18),(756,19,21),(736,19,32),(742,19,38),(744,19,40),(746,19,42),(747,19,43),(750,19,46),(754,19,50),(755,19,51),(106,20,1),(107,20,2),(108,20,3),(109,20,4),(110,20,5),(111,20,6),(112,20,7),(113,20,8),(114,20,9),(116,20,11),(117,20,12),(118,20,13),(121,20,16),(122,20,17),(123,20,18),(125,20,20),(126,20,21),(115,20,41),(119,20,45),(120,20,46),(124,20,50),(127,21,1),(128,21,2),(129,21,3),(130,21,4),(131,21,5),(132,21,6),(134,21,8),(135,21,9),(139,21,13),(142,21,16),(143,21,17),(145,21,19),(146,21,20),(147,21,21),(133,21,38),(136,21,41),(137,21,42),(138,21,43),(140,21,45),(141,21,46),(144,21,49),(148,22,1),(149,22,2),(150,22,3),(151,22,4),(152,22,5),(153,22,6),(155,22,8),(160,22,13),(161,22,14),(162,22,15),(163,22,16),(164,22,17),(165,22,18),(167,22,20),(168,22,21),(154,22,38),(156,22,40),(157,22,41),(158,22,42),(159,22,43),(166,22,50),(169,23,1),(170,23,2),(171,23,3),(172,23,4),(173,23,5),(174,23,6),(176,23,8),(177,23,9),(179,23,11),(181,23,13),(184,23,16),(185,23,17),(186,23,18),(188,23,20),(189,23,21),(175,23,38),(178,23,41),(180,23,43),(182,23,45),(183,23,46),(187,23,50),(190,24,1),(191,24,2),(192,24,3),(193,24,4),(194,24,5),(195,24,6),(197,24,8),(200,24,11),(202,24,13),(203,24,14),(205,24,16),(206,24,17),(207,24,18),(209,24,20),(210,24,21),(196,24,38),(198,24,40),(199,24,41),(201,24,43),(204,24,46),(208,24,50),(211,25,1),(212,25,2),(213,25,3),(215,25,5),(216,25,6),(217,25,7),(218,25,8),(221,25,11),(222,25,12),(224,25,14),(226,25,16),(227,25,17),(230,25,20),(231,25,21),(214,25,35),(219,25,40),(220,25,41),(223,25,44),(225,25,46),(228,25,49),(229,25,50),(991,27,4),(992,27,5),(993,27,6),(994,27,7),(995,27,8),(996,27,9),(997,27,10),(1001,27,14),(1002,27,15),(1004,27,17),(1005,27,18),(1006,27,19),(1008,27,21),(988,27,32),(989,27,33),(990,27,34),(998,27,42),(999,27,43),(1000,27,44),(1003,27,47),(1007,27,51),(232,28,1),(233,28,2),(234,28,3),(236,28,5),(237,28,6),(238,28,7),(239,28,8),(242,28,11),(243,28,12),(244,28,13),(245,28,14),(247,28,16),(248,28,17),(251,28,20),(252,28,21),(235,28,35),(240,28,40),(241,28,41),(246,28,46),(249,28,49),(250,28,50),(758,29,2),(759,29,3),(760,29,4),(761,29,5),(762,29,6),(763,29,7),(764,29,8),(769,29,13),(770,29,14),(771,29,15),(773,29,17),(777,29,21),(757,29,32),(765,29,40),(766,29,41),(767,29,42),(768,29,43),(772,29,47),(774,29,49),(775,29,50),(776,29,51),(253,30,1),(254,30,2),(255,30,3),(257,30,5),(258,30,6),(259,30,7),(260,30,8),(263,30,11),(266,30,14),(268,30,16),(269,30,17),(270,30,18),(272,30,20),(273,30,21),(256,30,35),(261,30,40),(262,30,41),(264,30,43),(265,30,44),(267,30,46),(271,30,50),(779,31,2),(780,31,3),(781,31,4),(782,31,5),(783,31,6),(784,31,7),(785,31,8),(787,31,10),(793,31,16),(795,31,18),(796,31,19),(798,31,21),(778,31,32),(786,31,40),(788,31,42),(789,31,43),(790,31,44),(791,31,45),(792,31,46),(794,31,48),(797,31,51),(274,32,1),(275,32,2),(276,32,3),(277,32,4),(278,32,5),(279,32,6),(280,32,7),(281,32,8),(285,32,12),(289,32,16),(290,32,17),(291,32,18),(293,32,20),(294,32,21),(282,32,40),(283,32,41),(284,32,42),(286,32,44),(287,32,45),(288,32,46),(292,32,50),(800,33,2),(801,33,3),(803,33,5),(804,33,6),(805,33,7),(806,33,8),(807,33,9),(811,33,13),(812,33,14),(814,33,16),(815,33,17),(819,33,21),(799,33,32),(802,33,35),(808,33,41),(809,33,42),(810,33,43),(813,33,46),(816,33,49),(817,33,50),(818,33,51),(295,34,1),(296,34,2),(297,34,3),(298,34,4),(299,34,5),(301,34,7),(302,34,8),(306,34,12),(308,34,14),(310,34,16),(311,34,17),(312,34,18),(313,34,19),(314,34,20),(315,34,21),(300,34,37),(303,34,40),(304,34,41),(305,34,42),(307,34,44),(309,34,46),(316,35,1),(317,35,2),(318,35,3),(319,35,4),(320,35,5),(321,35,6),(322,35,7),(323,35,8),(327,35,12),(331,35,16),(332,35,17),(333,35,18),(335,35,20),(336,35,21),(324,35,40),(325,35,41),(326,35,42),(328,35,44),(329,35,45),(330,35,46),(334,35,50),(821,36,2),(822,36,3),(823,36,4),(824,36,5),(825,36,6),(826,36,7),(827,36,8),(835,36,16),(836,36,17),(840,36,21),(820,36,32),(828,36,40),(829,36,41),(830,36,42),(831,36,43),(832,36,44),(833,36,45),(834,36,46),(837,36,49),(838,36,50),(839,36,51),(842,37,2),(843,37,3),(844,37,4),(845,37,5),(846,37,6),(847,37,7),(848,37,8),(853,37,13),(856,37,16),(857,37,17),(858,37,18),(861,37,21),(841,37,32),(849,37,40),(850,37,41),(851,37,42),(852,37,43),(854,37,45),(855,37,46),(859,37,50),(860,37,51),(337,38,1),(338,38,2),(339,38,3),(340,38,4),(341,38,5),(342,38,6),(343,38,7),(344,38,8),(352,38,16),(353,38,17),(354,38,18),(356,38,20),(357,38,21),(345,38,40),(346,38,41),(347,38,42),(348,38,43),(349,38,44),(350,38,45),(351,38,46),(355,38,50),(358,39,1),(360,39,3),(361,39,4),(362,39,5),(363,39,6),(365,39,8),(367,39,10),(368,39,11),(371,39,14),(375,39,18),(377,39,20),(378,39,21),(359,39,33),(364,39,38),(366,39,40),(369,39,43),(370,39,44),(372,39,46),(373,39,47),(374,39,48),(376,39,50),(379,40,1),(380,40,2),(381,40,3),(382,40,4),(383,40,5),(384,40,6),(386,40,8),(390,40,12),(392,40,14),(395,40,17),(396,40,18),(398,40,20),(399,40,21),(385,40,38),(387,40,40),(388,40,41),(389,40,42),(391,40,44),(393,40,46),(394,40,47),(397,40,50),(400,41,1),(401,41,2),(402,41,3),(403,41,4),(404,41,5),(405,41,6),(407,41,8),(415,41,16),(416,41,17),(417,41,18),(419,41,20),(420,41,21),(406,41,38),(408,41,40),(409,41,41),(410,41,42),(411,41,43),(412,41,44),(413,41,45),(414,41,46),(418,41,50),(863,42,2),(864,42,3),(865,42,4),(866,42,5),(869,42,8),(875,42,14),(878,42,17),(879,42,18),(882,42,21),(862,42,32),(867,42,37),(868,42,38),(870,42,40),(871,42,41),(872,42,42),(873,42,43),(874,42,44),(876,42,46),(877,42,47),(880,42,50),(881,42,51),(421,43,1),(422,43,2),(423,43,3),(424,43,4),(425,43,5),(426,43,6),(428,43,8),(432,43,12),(433,43,13),(434,43,14),(436,43,16),(437,43,17),(440,43,20),(441,43,21),(427,43,38),(429,43,40),(430,43,41),(431,43,42),(435,43,46),(438,43,49),(439,43,50),(884,44,2),(885,44,3),(886,44,4),(887,44,5),(888,44,6),(890,44,8),(894,44,12),(896,44,14),(898,44,16),(899,44,17),(900,44,18),(903,44,21),(883,44,32),(889,44,38),(891,44,40),(892,44,41),(893,44,42),(895,44,44),(897,44,46),(901,44,50),(902,44,51),(442,45,1),(443,45,2),(444,45,3),(445,45,4),(446,45,5),(447,45,6),(449,45,8),(450,45,9),(453,45,12),(454,45,13),(455,45,14),(457,45,16),(458,45,17),(459,45,18),(461,45,20),(462,45,21),(448,45,38),(451,45,41),(452,45,42),(456,45,46),(460,45,50),(463,46,1),(464,46,2),(465,46,3),(466,46,4),(467,46,5),(468,46,6),(470,46,8),(473,46,11),(479,46,17),(482,46,20),(483,46,21),(469,46,38),(471,46,40),(472,46,41),(474,46,43),(475,46,44),(476,46,45),(477,46,46),(478,46,47),(480,46,49),(481,46,50),(905,47,2),(906,47,3),(907,47,4),(908,47,5),(909,47,6),(910,47,7),(911,47,8),(913,47,10),(917,47,14),(919,47,16),(920,47,17),(921,47,18),(924,47,21),(904,47,32),(912,47,40),(914,47,42),(915,47,43),(916,47,44),(918,47,46),(922,47,50),(923,47,51),(484,48,1),(486,48,3),(487,48,4),(488,48,5),(489,48,6),(491,48,8),(492,48,9),(493,48,10),(495,48,12),(497,48,14),(500,48,17),(501,48,18),(503,48,20),(504,48,21),(485,48,33),(490,48,38),(494,48,42),(496,48,44),(498,48,46),(499,48,47),(502,48,50),(1012,49,4),(1013,49,5),(1014,49,6),(1019,49,11),(1021,49,13),(1009,49,32),(1010,49,33),(1011,49,34),(1015,49,38),(1016,49,39),(1017,49,40),(1018,49,41),(1020,49,43),(1022,49,45),(1023,49,46),(1024,49,47),(1025,49,48),(1026,49,49),(1027,49,50),(1028,49,51),(1029,49,52),(505,50,1),(506,50,2),(508,50,4),(510,50,6),(511,50,7),(513,50,9),(518,50,14),(521,50,17),(524,50,20),(525,50,21),(507,50,34),(509,50,36),(512,50,39),(514,50,41),(515,50,42),(516,50,43),(517,50,44),(519,50,46),(520,50,47),(522,50,49),(523,50,50),(526,51,1),(527,51,2),(528,51,3),(529,51,4),(530,51,5),(531,51,6),(532,51,7),(533,51,8),(538,51,13),(539,51,14),(541,51,16),(542,51,17),(545,51,20),(546,51,21),(534,51,40),(535,51,41),(536,51,42),(537,51,43),(540,51,46),(543,51,49),(544,51,50),(1033,52,4),(1034,52,5),(1035,52,6),(1036,52,7),(1037,52,8),(1039,52,10),(1040,52,11),(1041,52,12),(1043,52,14),(1044,52,15),(1045,52,16),(1046,52,17),(1047,52,18),(1049,52,20),(1050,52,21),(1030,52,32),(1031,52,33),(1032,52,34),(1038,52,40),(1042,52,44),(1048,52,50),(926,53,2),(927,53,3),(928,53,4),(929,53,5),(930,53,6),(931,53,7),(936,53,12),(937,53,13),(940,53,16),(941,53,17),(944,53,20),(945,53,21),(925,53,32),(932,53,39),(933,53,40),(934,53,41),(935,53,42),(938,53,45),(939,53,46),(942,53,49),(943,53,50),(547,54,1),(548,54,2),(549,54,3),(550,54,4),(551,54,5),(552,54,6),(553,54,7),(554,54,8),(558,54,12),(559,54,13),(562,54,16),(563,54,17),(566,54,20),(567,54,21),(555,54,40),(556,54,41),(557,54,42),(560,54,45),(561,54,46),(564,54,49),(565,54,50),(568,55,1),(569,55,2),(570,55,3),(571,55,4),(572,55,5),(573,55,6),(574,55,7),(575,55,8),(583,55,16),(584,55,17),(587,55,20),(588,55,21),(576,55,40),(577,55,41),(578,55,42),(579,55,43),(580,55,44),(581,55,45),(582,55,46),(585,55,49),(586,55,50),(589,56,1),(590,56,2),(591,56,3),(592,56,4),(593,56,5),(594,56,6),(595,56,7),(596,56,8),(601,56,13),(602,56,14),(604,56,16),(605,56,17),(606,56,18),(608,56,20),(609,56,21),(597,56,40),(598,56,41),(599,56,42),(600,56,43),(603,56,46),(607,56,50),(610,57,1),(611,57,2),(612,57,3),(613,57,4),(614,57,5),(615,57,6),(616,57,7),(617,57,8),(618,57,9),(623,57,14),(625,57,16),(626,57,17),(627,57,18),(629,57,20),(630,57,21),(619,57,41),(620,57,42),(621,57,43),(622,57,44),(624,57,46),(628,57,50),(631,58,1),(632,58,2),(633,58,3),(634,58,4),(635,58,5),(636,58,6),(637,58,7),(638,58,8),(639,58,9),(641,58,11),(646,58,16),(647,58,17),(648,58,18),(650,58,20),(651,58,21),(640,58,41),(642,58,43),(643,58,44),(644,58,45),(645,58,46),(649,58,50);
/*!40000 ALTER TABLE `font_answer` ENABLE KEYS */;
UNLOCK TABLES;

--
-- Table structure for table `question`
--

DROP TABLE IF EXISTS `question`;
/*!40101 SET @saved_cs_client     = @@character_set_client */;
/*!40101 SET character_set_client = utf8 */;
CREATE TABLE `question` (
  `question_id` int(11) NOT NULL AUTO_INCREMENT,
  `text` text COLLATE utf8_slovak_ci DEFAULT NULL,
  PRIMARY KEY (`question_id`)
) ENGINE=InnoDB AUTO_INCREMENT=22 DEFAULT CHARSET=utf8 COLLATE=utf8_slovak_ci;
/*!40101 SET character_set_client = @saved_cs_client */;

--
-- Dumping data for table `question`
--

LOCK TABLES `question` WRITE;
/*!40000 ALTER TABLE `question` DISABLE KEYS */;
INSERT INTO `question` VALUES (1,'Je font pätkový?'),(2,'Končí sa veľké pímeno J pod riadkom?'),(3,'Má veľké U vpravo dole pätku?'),(4,'Je číslo 4 otvorené?'),(5,'Vyzerá malé a ako písané malé a?'),(6,'Majú písmená sklon?'),(7,'Má veľké písmeno Y zvislú nôžku?'),(8,'Je malé písmeno y v tvare u?'),(9,'Má malé písmeno g slučku?'),(10,'Je spodná časť veľkého G zahnutá do vnútra?'),(11,'Je stred písmena M na základnej čiare?'),(12,'Je bodka pod otáznikom okrúhla?'),(13,'Má veľké písmeno K šikmé hrany spojené na vertikálnej hrane?'),(14,'Je pravá nôžka veľkého písmena R zahnutá?'),(15,'Vyčnieva horizontálna hrana malého písmena f z oboch strán?'),(16,'Zbehávajú sa bočné hrany veľkého písmena M?'),(17,'Má znak $ dve zvislé čiary?'),(18,'Vyčnieva pätka vo veľkom písmene Q z oboch strán?'),(19,'Je vo veľkom písmene P bruško dole spojené z vertikálnou hranou?'),(20,'Má veľké písmeno E pätku na prostrednej horizontálnej čiare?'),(21,'Sú hrany veľkého písmena W v prostriedku prekrížené?');
/*!40000 ALTER TABLE `question` ENABLE KEYS */;
UNLOCK TABLES;
/*!40103 SET TIME_ZONE=@OLD_TIME_ZONE */;

/*!40101 SET SQL_MODE=@OLD_SQL_MODE */;
/*!40014 SET FOREIGN_KEY_CHECKS=@OLD_FOREIGN_KEY_CHECKS */;
/*!40014 SET UNIQUE_CHECKS=@OLD_UNIQUE_CHECKS */;
/*!40101 SET CHARACTER_SET_CLIENT=@OLD_CHARACTER_SET_CLIENT */;
/*!40101 SET CHARACTER_SET_RESULTS=@OLD_CHARACTER_SET_RESULTS */;
/*!40101 SET COLLATION_CONNECTION=@OLD_COLLATION_CONNECTION */;
/*!40111 SET SQL_NOTES=@OLD_SQL_NOTES */;

-- Dump completed on 2021-05-13 17:45:27
